"stable_archive_family_id","title_aliases","canonical_source_controller_path","sha256","current_website_urls","entity_type","volume_category_subfolder","publication_status","related_ids","duplicate_version_conflict_flags","placement_decision","proposed_action"
"IO-FAMILY-A_SYSTEMS_CENTERED_MANIFESTO","A Systems-Centered Manifesto on Automation, Education, and the Carceral State","src/data/archive-navigation.ts#archivePapers[a-systems-centered-manifesto]; src/data/papers.ts#paperDocuments[a-systems-centered-manifesto]","df8e41ba8c5a14a695eb83d8269bf42f4f3189753fd4e751d3d4c927f85ec386","/library/documents/a-systems-centered-manifesto/","archive-family; paper-synopsis","Volume I / Automation, Labor & Democratic Capacity; Volume I / Foundational manifesto and method / Foundational manifesto versions [primary]","Public author paper; Author working paper","NONE","none","RESOLVED_OR_NOT_APPLICABLE","KEEP"
"IO-FAMILY-ACCUSATION_ECONOMY","The Accusation Economy","src/data/archive-navigation.ts#archivePapers[accusation-economy]","NOT_RECORDED_IN_PUBLIC_CONTROLLER","NONE","archive-family","Volume II / Democracy, institutions, and party power / Media, race, narrative warfare, and managed democracy [primary]","Archive catalogue entry · editorial review","NONE","none","RESOLVED_OR_NOT_APPLICABLE","EXCLUDE"
"IO-FAMILY-ADHD_CAGE","ADHD in a Cage","src/data/archive-navigation.ts#archivePapers[adhd-cage]","NOT_RECORDED_IN_PUBLIC_CONTROLLER","NONE","archive-family","Volume IV / Technology, cognition, and governance / Technology and cognition paper shelf [primary]","Archive catalogue entry · editorial review","NONE","none","RESOLVED_OR_NOT_APPLICABLE","EXCLUDE"
"IO-FAMILY-ADMINISTRATIVE_UNIVERSITY","The Administrative University","src/data/archive-navigation.ts#archivePapers[administrative-university]","NOT_RECORDED_IN_PUBLIC_CONTROLLER","NONE","archive-family","Volume III / F. Education, medicine, health, and human capital / Direct paper shelf [primary]","Archive catalogue entry · editorial review","NONE","none","RESOLVED_OR_NOT_APPLICABLE","EXCLUDE"
"IO-FAMILY-AI_LEARNING","Independent Observer Volume IV: AI Learning","src/data/archive-navigation.ts#archivePapers[ai-learning]","NOT_RECORDED_IN_PUBLIC_CONTROLLER","NONE","archive-family","Volume IV / Technology, cognition, and governance / Technology and cognition paper shelf [primary]","Archive catalogue entry · editorial review","NONE","none","RESOLVED_OR_NOT_APPLICABLE","EXCLUDE"
"IO-FAMILY-AMERICAN-EMPIRE-NEVER-DEMOCRACY","The American Empire Was Never a Democracy | American Empire Was Never a Democracy","src/data/archive-navigation.ts#archivePapers[american-empire-never-democracy]; src/data/clearance-queue.ts#nextClearanceQueue[american-empire-was-never-a-democracy]","NOT_RECORDED_IN_PUBLIC_CONTROLLER","/library/documents/the-american-empire-was-never-a-democracy/","archive-family; clearance-queue","Volume II; Volume II / Democracy, institutions, and party power / American empire and elite continuity [primary]","Public author paper; working_paper","NONE","not-cleared-for-public-release","RESOLVED_OR_NOT_APPLICABLE","HOLD"
"IO-FAMILY-ARTERIES_EMPIRE","The Arteries of Empire: Metabolic Colonization, Fast Food, and the Political Economy of Decline","src/data/archive-navigation.ts#archivePapers[arteries-empire]","NOT_RECORDED_IN_PUBLIC_CONTROLLER","NONE","archive-family","Volume III / F. Education, medicine, health, and human capital / Direct paper shelf [primary]","Archive catalogue entry · editorial review","NONE","none","RESOLVED_OR_NOT_APPLICABLE","EXCLUDE"
"IO-FAMILY-ATTENTION_INFRASTRUCTURE_GAP","The Attention Infrastructure Gap","src/data/archive-navigation.ts#archivePapers[attention-infrastructure-gap]; src/data/clearance-queue.ts#nextClearanceQueue[attention-infrastructure-gap]","NOT_RECORDED_IN_PUBLIC_CONTROLLER","NONE","archive-family; clearance-queue","Volume I; Volume I / Political economy, labor, and equal opportunity / Capital amplification and equal opportunity [primary]","Archive catalogue entry · editorial review; working_paper","NONE","not-cleared-for-public-release","RESOLVED_OR_NOT_APPLICABLE","HOLD"
"IO-FAMILY-BIPARTITION_BETRAYAL","Bipartition Betrayal of Human Rights and Fiscal and Monetary Policies","src/data/archive-navigation.ts#archivePapers[bipartition-betrayal]","NOT_RECORDED_IN_PUBLIC_CONTROLLER","NONE","archive-family","Volume III / E. Governance, legitimacy, and accountability / Direct paper shelf [primary]","Archive catalogue entry · editorial review","NONE","none","RESOLVED_OR_NOT_APPLICABLE","EXCLUDE"
"IO-FAMILY-BORROWED-LABOR","Borrowed Labor: The Demographic Limit of Nationalist Sovereignty in Central and Eastern Europe | Borrowed Labor","src/data/archive-navigation.ts#archivePapers[borrowed-labor]; src/data/green-publications.ts#greenPublications[IO-V2-BORROWED-LABOR]","d037f42087707a2731c60314a3b4a6642cd0a06245ab8314767583fed6f7504f","/research/borrowed-labor/","archive-family; research-article","Volume II / Migration · Demography; Volume II / Empire, geopolitics, and sovereignty / Europe, NATO, and borrowed sovereignty [primary]","Public author paper; Preview-only bounded text adaptation","IO-FAMILY-DEMOCRACYS-ACHILLES-HEEL","none","RESOLVED_OR_NOT_APPLICABLE","KEEP"
"IO-FAMILY-CAPITAL-AMPLIFICATION","Capital Amplification and the Myth of Equal Opportunity","src/data/archive-navigation.ts#archivePapers[capital-amplification]; src/data/clearance-queue.ts#nextClearanceQueue[capital-amplification-equal-opportunity]","NOT_RECORDED_IN_PUBLIC_CONTROLLER","NONE","archive-family; clearance-queue","Volume I; Volume I / Political economy, labor, and equal opportunity / Capital amplification and equal opportunity [primary]","Archive catalogue entry · editorial review; working_paper","NONE","not-cleared-for-public-release","RESOLVED_OR_NOT_APPLICABLE","HOLD"
"IO-FAMILY-CASPIAN_SUPPLY_CORRIDOR","The Tragic Caspian Supply Corridor: Russia, Iran, and China","src/data/archive-navigation.ts#archivePapers[caspian-supply-corridor]","NOT_RECORDED_IN_PUBLIC_CONTROLLER","NONE","archive-family","Volume II / Empire, geopolitics, and sovereignty / Caspian supply corridor [primary]","Archive catalogue entry · editorial review","NONE","none","RESOLVED_OR_NOT_APPLICABLE","EXCLUDE"
"IO-FAMILY-CEILING_ACCOUNTABILITY","The Ceiling of Accountability","src/data/archive-navigation.ts#archivePapers[ceiling-accountability]","NOT_RECORDED_IN_PUBLIC_CONTROLLER","NONE","archive-family","Volume III / E. Governance, legitimacy, and accountability / Direct paper shelf [primary]","Archive catalogue entry · editorial review","NONE","none","RESOLVED_OR_NOT_APPLICABLE","EXCLUDE"
"IO-FAMILY-CHILDREN-LEFT-BEHIND","Children Left Behind After a War | Children Left Behind After a War: Why Vietnam Produced a Visible ""War-Child"" Generation—and Iraq Did Not","src/data/archive-navigation.ts#archivePapers[children-left-behind]; src/data/papers.ts#paperDocuments[children-left-behind-after-a-war]","79817c5a31f7ae2155a0ce4f6d71cb9204d670b4292f053b231ca553b8504db0","/library/documents/children-left-behind-after-a-war/","archive-family; paper-synopsis","Volume III / Conflict, Demography & Social Visibility; Volume III / F. Education, medicine, health, and human capital / Direct paper shelf [primary]","Public author paper; Author working paper","NONE","none","RESOLVED_OR_NOT_APPLICABLE","KEEP"
"IO-FAMILY-CITIZENS_WITHOUT_A_COUNTRY","Citizens Without a Country: The Democratic Legitimacy Crisis of Non-Resident Birthright Voting in U.S. Federal Elections","src/data/archive-navigation.ts#archivePapers[citizens-without-a-country]; src/data/papers.ts#paperDocuments[citizens-without-a-country]","22ca0a1781616e4c743fe6dcb60374ccd8b28362b941f0b144c72e12f0698472","/library/documents/citizens-without-a-country/","archive-family; paper-synopsis","Volume II / Democracy, Citizenship & Voting; Volume II / Immigration, citizenship, and border / Citizens without a country [primary]","Public author paper; Author working paper","NONE","none","RESOLVED_OR_NOT_APPLICABLE","KEEP"
"IO-FAMILY-CIVIL_RIGHTS_REALIGNMENT","Civil Rights Realignment and Party Sorting in the United States","src/data/archive-navigation.ts#archivePapers[civil-rights-realignment]","NOT_RECORDED_IN_PUBLIC_CONTROLLER","NONE","archive-family","Volume II / Democracy, institutions, and party power / Bipartisan betrayal and party continuity [primary]","Archive catalogue entry · editorial review","NONE","none","RESOLVED_OR_NOT_APPLICABLE","EXCLUDE"
"IO-FAMILY-CIVILIZATIONAL_CAPACITY","Civilizational Capacity and the Political Economy of Scapegoating","src/data/archive-navigation.ts#archivePapers[civilizational-capacity]","NOT_RECORDED_IN_PUBLIC_CONTROLLER","NONE","archive-family","Volume III / B. Deindustrialization, welfare, social control, and cultural displacement / Direct paper shelf [primary]","Archive catalogue entry · editorial review","NONE","none","RESOLVED_OR_NOT_APPLICABLE","EXCLUDE"
"IO-FAMILY-COMMAND_ECONOMIES","How Command States Finance Power: Militarization and Technological Mobilization","src/data/archive-navigation.ts#archivePapers[command-economies]","NOT_RECORDED_IN_PUBLIC_CONTROLLER","NONE","archive-family","Volume II / Empire, geopolitics, and sovereignty / Command economies, militarization, and technological mobilization [primary]","Archive catalogue entry · editorial review","NONE","none","RESOLVED_OR_NOT_APPLICABLE","EXCLUDE"
"IO-FAMILY-CYCLES_POLITICAL_HYPOCRISY","The Cycles of Political Hypocrisy","src/data/archive-navigation.ts#archivePapers[cycles-political-hypocrisy]","NOT_RECORDED_IN_PUBLIC_CONTROLLER","NONE","archive-family","Volume III / E. Governance, legitimacy, and accountability / Direct paper shelf [primary]","Archive catalogue entry · editorial review","NONE","none","RESOLVED_OR_NOT_APPLICABLE","EXCLUDE"
"IO-FAMILY-DEATH_OF_EVIDENTIARY_PATIENCE","The Death of Evidentiary Patience","src/data/archive-navigation.ts#archivePapers[death-of-evidentiary-patience]","NOT_RECORDED_IN_PUBLIC_CONTROLLER","NONE","archive-family","Volume I / Documentation, memory, and evidence / Death of evidentiary patience [primary]","Archive catalogue entry · editorial review","NONE","none","RESOLVED_OR_NOT_APPLICABLE","EXCLUDE"
"IO-FAMILY-DEMOCRACYS-ACHILLES-HEEL","Democracy’s Achilles’ Heel: Institutional Incentives and Political Outcomes | Democracy’s Achilles’ Heel","src/data/archive-navigation.ts#archivePapers[democracys-achilles-heel]; src/data/green-publications.ts#greenPublications[IO-V2-DEMOCRACYS-ACHILLES-HEEL]","e18478ee1676f1720abf7e766f7314c665ef501445120188ef1433177c8cada7","/research/democracys-achilles-heel/","archive-family; research-article","Volume II / Democracy · Institutions; Volume II / Democracy, institutions, and party power / Democracy’s Achilles’ Heel [primary]","Public author paper; Preview-only bounded text adaptation","IO-FAMILY-INDEPENDENT-OBSERVER-METHOD; IO-FAMILY-BORROWED-LABOR","none","RESOLVED_OR_NOT_APPLICABLE","KEEP"
"IO-FAMILY-DETAINED_AT_BORDER","Detained at the Border","src/data/archive-navigation.ts#archivePapers[detained-at-border]","NOT_RECORDED_IN_PUBLIC_CONTROLLER","NONE","archive-family","Volume II / Immigration, citizenship, and border / Detained at the border [primary]","Archive catalogue entry · editorial review","NONE","none","RESOLVED_OR_NOT_APPLICABLE","EXCLUDE"
"IO-FAMILY-DIGITAL_EMPIRE","The Digital Empire","src/data/archive-navigation.ts#archivePapers[digital-empire]","NOT_RECORDED_IN_PUBLIC_CONTROLLER","NONE","archive-family","Volume III / C. Macroeconomy, industrial power, and geopolitical infrastructure / Direct paper shelf [primary]","Archive catalogue entry · editorial review","NONE","none","RESOLVED_OR_NOT_APPLICABLE","EXCLUDE"
"IO-FAMILY-DISCONNECTED_HEARTS","Disconnected Hearts — The Tech Revolution of Intimacy","src/data/archive-navigation.ts#archivePapers[disconnected-hearts]; src/data/papers.ts#paperDocuments[disconnected-hearts]","eb982844da37f66ac593189df2c77964d955b918908338c94f1ab0cfde60e0d8","/library/documents/disconnected-hearts/","archive-family; paper-synopsis","Volume IV / Technology & Intimacy; Volume IV / Technology, cognition, and governance / Technology and cognition paper shelf [primary]","Public author paper; Author working paper","NONE","none","RESOLVED_OR_NOT_APPLICABLE","KEEP"
"IO-FAMILY-DIVORCE_GAP","The Divorce Gap","src/data/archive-navigation.ts#archivePapers[divorce-gap]","NOT_RECORDED_IN_PUBLIC_CONTROLLER","NONE","archive-family","Volume III / A. Marriage, ownership, tax, and wealth architecture / Marriage, family law, and wealth [primary]","Archive catalogue entry · editorial review","NONE","none","RESOLVED_OR_NOT_APPLICABLE","EXCLUDE"
"IO-FAMILY-DOCUMENTARY-PROJECTS-PRINT-CAPTURE","Documentary Projects — Independent Observer","src/data/documents.ts#reviewedDocuments","NOT_RECORDED_IN_PUBLIC_CONTROLLER","/library/documents/documentary-projects-print-capture/","document","Documentary desk","NOT_RELEASED","NONE","none","RESOLVED_OR_NOT_APPLICABLE","KEEP"
"IO-FAMILY-DOLLAR_VS_BRICS","Dollar vs. BRICS","src/data/archive-navigation.ts#archivePapers[dollar-vs-brics]","NOT_RECORDED_IN_PUBLIC_CONTROLLER","NONE","archive-family","Volume III / C. Macroeconomy, industrial power, and geopolitical infrastructure / Direct paper shelf [primary]","Archive catalogue entry · editorial review","NONE","none","RESOLVED_OR_NOT_APPLICABLE","EXCLUDE"
"IO-FAMILY-DOUBLE_TAX_ON_TIME","The Double Tax on Time: Why Women Pay for Both Biology and Bureaucracy","src/data/archive-navigation.ts#archivePapers[double-tax-on-time]; src/data/papers.ts#paperDocuments[double-tax-on-time]","46dc7321e61bf6855bfffb1f2abc9b0c391d08d94ee2cacac0250616ac26b371","/library/documents/double-tax-on-time/","archive-family; paper-synopsis","Volume IV / Gender & Political Economy; Volume III / A. Marriage, ownership, tax, and wealth architecture / Gender equity, time, and demographic economics [cross-volume]","Public author paper; Author working paper","NONE","none","RESOLVED_OR_NOT_APPLICABLE","KEEP"
"IO-FAMILY-ECONOMICS_OF_COLOR","The Economics of Color: Deindustrialization, Wealth Stratification, Race, Crime, and Identity","src/data/archive-navigation.ts#archivePapers[economics-of-color]","NOT_RECORDED_IN_PUBLIC_CONTROLLER","NONE","archive-family","Volume III / B. Deindustrialization, welfare, social control, and cultural displacement / Direct paper shelf [primary]","Archive catalogue entry · editorial review","NONE","none","RESOLVED_OR_NOT_APPLICABLE","EXCLUDE"
"IO-FAMILY-EDUCATION_RATIONAL_THINKING","Education and Rational Thinking","src/data/archive-navigation.ts#archivePapers[education-rational-thinking]","NOT_RECORDED_IN_PUBLIC_CONTROLLER","NONE","archive-family","Volume III / F. Education, medicine, health, and human capital / Education and rational thinking [cross-volume]; Volume IV / Human capability and development / Education and rational thinking [cross-volume]; Volume V / Education, rationality, and cognitive control / Education and rational thinking [primary]","Forthcoming collection · editorial review","NONE","intentional-cross-volume-or-book-relationship","RESOLVED_OR_NOT_APPLICABLE","EXCLUDE"
"IO-FAMILY-EMPIRE_BENEATH_DEMOCRACY","The Empire Beneath Democracy","src/data/archive-navigation.ts#archivePapers[empire-beneath-democracy]","NOT_RECORDED_IN_PUBLIC_CONTROLLER","NONE","archive-family","Volume II / Book and compilations / Empire Beneath Democracy [book]","Book compilation · editorial development","NONE","none","RESOLVED_OR_NOT_APPLICABLE","EXCLUDE"
"IO-FAMILY-EMPIRE_LEARNED_DISAPPEAR","The Empire That Learned to Disappear","src/data/archive-navigation.ts#archivePapers[empire-learned-disappear]","NOT_RECORDED_IN_PUBLIC_CONTROLLER","NONE","archive-family","Volume II / Empire, geopolitics, and sovereignty / American empire fade and network power [primary]","Archive catalogue entry · editorial review","NONE","none","RESOLVED_OR_NOT_APPLICABLE","EXCLUDE"
"IO-FAMILY-EMPIRE_WITHOUT_BREAD","Empire Without Bread","src/data/archive-navigation.ts#archivePapers[empire-without-bread]","NOT_RECORDED_IN_PUBLIC_CONTROLLER","NONE","archive-family","Volume III / C. Macroeconomy, industrial power, and geopolitical infrastructure / Direct paper shelf [primary]","Archive catalogue entry · editorial review","NONE","none","RESOLVED_OR_NOT_APPLICABLE","EXCLUDE"
"IO-FAMILY-EMPIRE-OF-DISTRACTION","The Empire of Distraction | The Empire of Distraction: Foreign Agenda-Setting, Malapportionment, and the Managed Myth of Popular Rule in the United States","src/data/archive-navigation.ts#archivePapers[empire-distraction]; src/data/papers.ts#paperDocuments[empire-of-distraction]","b2ecbfabcf3e623c90d60a5c4cf11e87e2b7949d44f1d34987505c50fb6b89b3","/library/documents/empire-of-distraction/","archive-family; paper-synopsis","Volume II / Institutions, Representation & Foreign Influence; Volume III / C. Macroeconomy, industrial power, and geopolitical infrastructure / Direct paper shelf [primary]","Archive catalogue entry · editorial review; Author working paper","NONE","placement-conflict; byte-identical-controller-and-categorized-copy; PDF-derivative","UNRESOLVED; current taxonomy was not guarded by an owner-approval hold","HOLD"
"IO-FAMILY-EMPIRES_MIRROR","Empire’s Mirror: Foreign Lobbying, Concentrated Wealth, and Imperial Self-Understanding","src/data/archive-navigation.ts#archivePapers[empires-mirror]","NOT_RECORDED_IN_PUBLIC_CONTROLLER","NONE","archive-family","Volume II / Democracy, institutions, and party power / Elite agenda setting and donor power [primary]","Archive catalogue entry · editorial review","NONE","none","RESOLVED_OR_NOT_APPLICABLE","EXCLUDE"
"IO-FAMILY-ENVIRONMENTAL-INSTABILITY","Environmental Instability, Developmental Timing, and Cognitive Divergence of Early Homo | Environmental Instability and Early Homo","src/data/archive-navigation.ts#archivePapers[environmental-instability]; src/data/clearance-queue.ts#nextClearanceQueue[environmental-instability-early-homo]","NOT_RECORDED_IN_PUBLIC_CONTROLLER","NONE","archive-family; clearance-queue","Volume IV; Volume IV / Human capability and development / Environmental instability and human development [primary]","Archive catalogue entry · editorial review; working_paper","NONE","not-cleared-for-public-release","RESOLVED_OR_NOT_APPLICABLE","HOLD"
"IO-FAMILY-FAMILY_WEALTH_MACHINE","The Family Wealth Machine","src/data/archive-navigation.ts#archivePapers[family-wealth-machine]","NOT_RECORDED_IN_PUBLIC_CONTROLLER","NONE","archive-family","Volume I / Quiet wealth, risk, and asset protection / Quiet wealth [primary]","Archive catalogue entry · editorial review","NONE","none","RESOLVED_OR_NOT_APPLICABLE","EXCLUDE"
"IO-FAMILY-FEAR_CIRCUIT","The Fear Circuit","src/data/archive-navigation.ts#archivePapers[fear-circuit]","NOT_RECORDED_IN_PUBLIC_CONTROLLER","NONE","archive-family","Volume II / Democracy, institutions, and party power / Crises, elections, and public outrage [primary]","Archive catalogue entry · editorial review","NONE","none","RESOLVED_OR_NOT_APPLICABLE","EXCLUDE"
"IO-FAMILY-FIRST_WITHOUT_SUPREMACY","First Without Supremacy","src/data/archive-navigation.ts#archivePapers[first-without-supremacy]","NOT_RECORDED_IN_PUBLIC_CONTROLLER","NONE","archive-family","Volume III / C. Macroeconomy, industrial power, and geopolitical infrastructure / Direct paper shelf [primary]","Archive catalogue entry · editorial review","NONE","none","RESOLVED_OR_NOT_APPLICABLE","EXCLUDE"
"IO-FAMILY-FLESH_TRAP","The Flesh Trap","src/data/archive-navigation.ts#archivePapers[flesh-trap]","NOT_RECORDED_IN_PUBLIC_CONTROLLER","NONE","archive-family","Volume IV / Technology, cognition, and governance / Technology and cognition paper shelf [primary]","Archive catalogue entry · editorial review","NONE","none","RESOLVED_OR_NOT_APPLICABLE","EXCLUDE"
"IO-FAMILY-FLOYD_KIRK","Floyd, Kirk, and the Politics of Public Outrage","src/data/archive-navigation.ts#archivePapers[floyd-kirk]","NOT_RECORDED_IN_PUBLIC_CONTROLLER","NONE","archive-family","Volume II / Democracy, institutions, and party power / Crises, elections, and public outrage [primary]; Volume III / E. Governance, legitimacy, and accountability / Connected archive records [cross-volume]","Archive catalogue entry · editorial review","NONE","intentional-cross-volume-or-book-relationship","RESOLVED_OR_NOT_APPLICABLE","EXCLUDE"
"IO-FAMILY-FORMATION_THROUGH_STRUGGLE","Formation Through Struggle","src/data/archive-navigation.ts#archivePapers[formation-through-struggle]","NOT_RECORDED_IN_PUBLIC_CONTROLLER","NONE","archive-family","Volume I / Foundational manifesto and method / Foundational manifesto versions [primary]","Archive catalogue entry · editorial review","NONE","none","RESOLVED_OR_NOT_APPLICABLE","EXCLUDE"
"IO-FAMILY-FROM_MAO_TO_MANUFACTURING_SOVEREIGNTY","From Mao to Manufacturing Sovereignty","src/data/clearance-queue.ts#nextClearanceQueue[from-mao-to-manufacturing-sovereignty]","NOT_RECORDED_IN_PUBLIC_CONTROLLER","NONE","clearance-queue","Volume II","working_paper","NONE","not-cleared-for-public-release","RESOLVED_OR_NOT_APPLICABLE","HOLD"
"IO-FAMILY-FROM_STEEL_TO_SCREENS","From Steel to Screens","src/data/archive-navigation.ts#archivePapers[from-steel-to-screens]","NOT_RECORDED_IN_PUBLIC_CONTROLLER","NONE","archive-family","Volume III / B. Deindustrialization, welfare, social control, and cultural displacement / Direct paper shelf [primary]","Archive catalogue entry · editorial review","NONE","none","RESOLVED_OR_NOT_APPLICABLE","EXCLUDE"
"IO-FAMILY-FROM-COLONIZATION-TO-CHINAS-RISE","From Colonization to China’s Rise: How Historical Power Shifts Still Shape Global Politics and Democracy","src/data/archive-navigation.ts#archivePapers[from-colonization-to-china]; src/data/papers.ts#paperDocuments[from-colonization-to-chinas-rise]","b2fcdf9450af2ce52ce50ef8f60abc4bd06e45a7af98d6e22a1b8af002cf0e51","/library/documents/from-colonization-to-chinas-rise/","archive-family; paper-synopsis","Volume II / History & Geopolitics; Volume II / Empire, geopolitics, and sovereignty / China, global order, and power shifts [primary]","Public author paper; Author working paper","NONE","none","RESOLVED_OR_NOT_APPLICABLE","KEEP"
"IO-FAMILY-FROM-VIETNAM-TO-TERRY-OHIO","From Vietnam to Terry v. Ohio: Investing in Human Failure vs. Human Potential","src/data/archive-navigation.ts#archivePapers[from-vietnam-terry]; src/data/papers.ts#paperDocuments[from-vietnam-to-terry-ohio]","02f0db78e3a69f476dde058798df6fd443d86ea7e560d008823f00a4ef57e9b9","/library/documents/from-vietnam-to-terry-ohio/","archive-family; paper-synopsis","Volume III / Welfare, Social Control & Human Capital; Volume III / B. Deindustrialization, welfare, social control, and cultural displacement / Direct paper shelf [primary]","Public author paper; Author working paper","NONE","none","RESOLVED_OR_NOT_APPLICABLE","KEEP"
"IO-FAMILY-GENELOCK","GeneLock: The Silent Sequence","src/data/archive-navigation.ts#archivePapers[genelock]","NOT_RECORDED_IN_PUBLIC_CONTROLLER","NONE","archive-family","Volume IV / Research projects / GeneLock project [project]","Research project · development","NONE","none","RESOLVED_OR_NOT_APPLICABLE","EXCLUDE"
"IO-FAMILY-GEOGRAPHY_ENSLAVED_WEALTH","The Geography of Enslaved Wealth: How Resource-Rich Lands Produce Poor Societies","src/data/archive-navigation.ts#archivePapers[geography-enslaved-wealth]","NOT_RECORDED_IN_PUBLIC_CONTROLLER","/library/documents/geography-of-enslaved-wealth/","archive-family","Volume II / Empire, geopolitics, and sovereignty / Resource wealth and competing economic systems [primary]","Public author paper","NONE","none","RESOLVED_OR_NOT_APPLICABLE","EXCLUDE"
"IO-FAMILY-GEOGRAPHY_OF_ENSLAVED_WEALTH","The Geography of Enslaved Wealth: How Resource-Rich Lands Produce Poor Societies","src/data/papers.ts#paperDocuments[geography-of-enslaved-wealth]","f210b85d5d946ea35cffb12e3b48d12f80b15297b1ffda89cdfd7d940d9abfe2","/library/documents/geography-of-enslaved-wealth/","paper-synopsis","Volume II / Resource Wealth & Political Economy","Author working paper","NONE","none","RESOLVED_OR_NOT_APPLICABLE","KEEP"
"IO-FAMILY-HEAVY-WATER-DATA-CENTER-COOLANT","Heavy Water Data Center Coolant Feasibility Study","src/data/clearance-queue.ts#nextClearanceQueue[heavy-water-data-center-coolant-feasibility]","NOT_RECORDED_IN_PUBLIC_CONTROLLER","NONE","clearance-queue","Volume III","working_paper","NONE","not-cleared-for-public-release","RESOLVED_OR_NOT_APPLICABLE","HOLD"
"IO-FAMILY-HIDDEN_MORAL_ECONOMY","The Hidden Moral Economy of Immigration","src/data/archive-navigation.ts#archivePapers[hidden-moral-economy]","NOT_RECORDED_IN_PUBLIC_CONTROLLER","NONE","archive-family","Volume III / D. Immigration, law enforcement, measurement, and labor dependence / Hidden moral economy and labor dependence [primary]","Archive catalogue entry · editorial review","NONE","none","RESOLVED_OR_NOT_APPLICABLE","EXCLUDE"
"IO-FAMILY-HIDDEN-TAXATION","Human Rights, Policing Doctrine, and Hidden Taxation in Modern U.S. Governance | Human Rights, Policing, and Hidden Taxation","src/data/archive-navigation.ts#archivePapers[hidden-taxation]; src/data/clearance-queue.ts#nextClearanceQueue[human-rights-policing-hidden-taxation]","NOT_RECORDED_IN_PUBLIC_CONTROLLER","NONE","archive-family; clearance-queue","Volume II; Volume II / Democracy, institutions, and party power / Bipartisan betrayal and party continuity [primary]","Archive catalogue entry · editorial review; working_paper","NONE","not-cleared-for-public-release","RESOLVED_OR_NOT_APPLICABLE","HOLD"
"IO-FAMILY-HOMELESSNESS_MANUFACTURE","Homelessness Manufacture","src/data/archive-navigation.ts#archivePapers[homelessness-manufacture]","NOT_RECORDED_IN_PUBLIC_CONTROLLER","NONE","archive-family","Volume III / B. Deindustrialization, welfare, social control, and cultural displacement / Direct paper shelf [primary]","Archive catalogue entry · editorial review","NONE","none","RESOLVED_OR_NOT_APPLICABLE","EXCLUDE"
"IO-FAMILY-HOURS_TO_OWNERSHIP","Hours to Ownership","src/data/archive-navigation.ts#archivePapers[hours-to-ownership]","NOT_RECORDED_IN_PUBLIC_CONTROLLER","NONE","archive-family","Volume III / A. Marriage, ownership, tax, and wealth architecture / AI, labor, and the post-industrial economy [primary]","Archive catalogue entry · editorial review","NONE","none","RESOLVED_OR_NOT_APPLICABLE","EXCLUDE"
"IO-FAMILY-HOW_EMPIRES_FAIL","How Empires Fail: Truth, Failure, and Strategic Blindness | How Empires Fail","src/data/archive-navigation.ts#archivePapers[how-empires-fail]; src/data/clearance-queue.ts#nextClearanceQueue[how-empires-fail]","NOT_RECORDED_IN_PUBLIC_CONTROLLER","NONE","archive-family; clearance-queue","Volume II; Volume II / Empire, geopolitics, and sovereignty / Truth, failure, and strategic blindness [primary]","Archive catalogue entry · editorial review; working_paper","NONE","not-cleared-for-public-release","RESOLVED_OR_NOT_APPLICABLE","HOLD"
"IO-FAMILY-HOW_EMPIRES_RULE_STRANGERS","How Empires Rule Strangers: Britain, India, and the Machinery of Distance","src/data/archive-navigation.ts#archivePapers[how-empires-rule-strangers]","NOT_RECORDED_IN_PUBLIC_CONTROLLER","NONE","archive-family","Volume II / Empire, geopolitics, and sovereignty / Colonial governance and imperial intermediaries [primary]","Archive catalogue entry · editorial review","NONE","none","RESOLVED_OR_NOT_APPLICABLE","EXCLUDE"
"IO-FAMILY-ILLUSION-OF-EQUALITY","The Illusion of Equality: The Founding Fathers’ Contradictions, The Flaws of Democracy, and The Future of U.S. Economic Influence","src/data/papers.ts#paperDocuments[the-illusion-of-equality]","3a5d9727dc807c97f3902af9ade8563afd0bfcd7f25c462bfc336d24b8ff4ea9","/library/documents/the-illusion-of-equality/","paper-synopsis","Volume I / Institutional Power & Political Economy","Author working paper","NONE","placement-conflict; duplicate-review-variants-excluded-from-public-record","UNRESOLVED; current taxonomy was not guarded by an owner-approval hold","HOLD"
"IO-FAMILY-INDEPENDENT_OBSERVER_VOLUME_ONE","Independent Observer: Critical Studies in Philosophy, Politics, Economics, and History — Volume I (Foundational Manifesto)","src/data/archive-navigation.ts#archivePapers[independent-observer-volume-one]; src/data/papers.ts#paperDocuments[independent-observer-volume-one]","c896a12b0fddc67185b85797606c752367592b72caac0cce0067d37263c86b94","/library/documents/independent-observer-volume-one/","archive-family; paper-synopsis","Volume I / Method & Democratic Capacity; Volume I / Foundational manifesto and method / Foundational manifesto versions [primary]","Public author paper; Author working paper","NONE","none","RESOLVED_OR_NOT_APPLICABLE","KEEP"
"IO-FAMILY-INDEPENDENT-OBSERVER-METHOD","The Independent Observer Method","src/data/green-publications.ts#greenPublications[IO-V1-INDEPENDENT-OBSERVER-METHOD]","76d5d011f1e012788bfa748e876395c4f10b7a3552ca7a580a758655d0d2fe3f","/research/the-independent-observer-method/","research-article","Volume I / Method · Evidence","Preview-only bounded text adaptation","IO-FAMILY-DEMOCRACYS-ACHILLES-HEEL","none","RESOLVED_OR_NOT_APPLICABLE","KEEP"
"IO-FAMILY-INTIMACY_AFTER_INSTITUTIONAL_CHANGE","Intimacy After Institutional Change","src/data/archive-navigation.ts#archivePapers[intimacy-after-institutional-change]","NOT_RECORDED_IN_PUBLIC_CONTROLLER","NONE","archive-family","Volume III / A. Marriage, ownership, tax, and wealth architecture / Marriage, family law, and wealth [primary]","Archive catalogue entry · editorial review","NONE","none","RESOLVED_OR_NOT_APPLICABLE","EXCLUDE"
"IO-FAMILY-IOUS_TO_DOS","From IOUs to DOs: Federal Reserve Debt Instruments, Tariff Policy, and Domestic Medical Labor","src/data/archive-navigation.ts#archivePapers[ious-to-dos]","NOT_RECORDED_IN_PUBLIC_CONTROLLER","NONE","archive-family","Volume III / C. Macroeconomy, industrial power, and geopolitical infrastructure / Direct paper shelf [primary]","Archive catalogue entry · editorial review","NONE","none","RESOLVED_OR_NOT_APPLICABLE","EXCLUDE"
"IO-FAMILY-IOUS_TO_EMPIRES","From IOUs to Empires: How America Outsourced Its Production and China Weaponized the Dollar","src/data/archive-navigation.ts#archivePapers[ious-to-empires]","NOT_RECORDED_IN_PUBLIC_CONTROLLER","NONE","archive-family","Volume III / C. Macroeconomy, industrial power, and geopolitical infrastructure / Direct paper shelf [primary]","Archive catalogue entry · editorial review","NONE","none","RESOLVED_OR_NOT_APPLICABLE","EXCLUDE"
"IO-FAMILY-JD_VANCE_POPULISM","JD Vance, Populism, STEM, and Labor","src/data/archive-navigation.ts#archivePapers[jd-vance-populism]","NOT_RECORDED_IN_PUBLIC_CONTROLLER","NONE","archive-family","Volume I / Political economy, labor, and equal opportunity / JD Vance, populism, STEM, and labor [primary]","Archive catalogue entry · editorial review","NONE","none","RESOLVED_OR_NOT_APPLICABLE","EXCLUDE"
"IO-FAMILY-LAST-HUMAN-WORKFORCE","The Last Human Workforce","src/data/archive-navigation.ts#archivePapers[last-human-workforce]; src/data/green-publications.ts#greenPublications[IO-V4-LAST-HUMAN-WORKFORCE]","31f921f6e7f52949687ed0b096bc783945752452aebfa29a1ded0856b84dc30d","/series/the-last-human-workforce/; /research/the-last-human-workforce/","archive-family; research-article","Volume IV / Automation · Artificial intelligence; Volume IV / Book and master compilation / The Last Human Workforce [book]","Book compilation · editorial development; Preview-only bounded text adaptation","IO-FAMILY-SERVER-AS-FURNACE; IO-FAMILY-REGROWING-HUMANITY","book-and-research-article-relationship; DOCX/PDF/PPTX-version-set","RESOLVED_OR_NOT_APPLICABLE","REPOINT"
"IO-FAMILY-LATINO_IRONY","The Latino Irony: Why Many Hispanic Americans Support Donald Trump","src/data/archive-navigation.ts#archivePapers[latino-irony]; src/data/papers.ts#paperDocuments[latino-irony]","52597fb221559fbec73b81ceb9273ea407eba00ed0399136ee0cd7dd469d665e","/library/documents/latino-irony/","archive-family; paper-synopsis","Volume II / Politics & Demography; Volume II / Immigration, citizenship, and border / Latino voting behavior [primary]","Public author paper; Author working paper","NONE","none","RESOLVED_OR_NOT_APPLICABLE","KEEP"
"IO-FAMILY-LOTTERY-OF-LUCK","The Lottery of Luck: Why Education Remains the Only Scalable Path to Middle-Class Stability in the AI Economy","src/data/papers.ts#paperDocuments[lottery-of-luck]","c9027cf239a300845a45ffe08acdf32ca6b9953f50da2027a604bc192cfc4f29","/library/documents/lottery-of-luck/","paper-synopsis","Volume IV / Education, AI & Human Capability","Author working paper","NONE","placement-conflict; duplicate-review-variants; PDF-derivative","UNRESOLVED; current taxonomy was not guarded by an owner-approval hold","HOLD"
"IO-FAMILY-MANAGED_DECLINE","Managed Decline: Economic Displacement, Social Welfare, and the Machinery of Modern Class Collapse","src/data/archive-navigation.ts#archivePapers[managed-decline]","NOT_RECORDED_IN_PUBLIC_CONTROLLER","/series/managed-decline/","archive-family","Volume III / Book and master compilation / Managed Decline [book]","Book compilation · editorial development","NONE","none","RESOLVED_OR_NOT_APPLICABLE","KEEP"
"IO-FAMILY-MANAGED_INTERDEPENDENCE","Managed Interdependence: Industrial Policy and Governance Sequencing in Post-Autocratic Russia","src/data/archive-navigation.ts#archivePapers[managed-interdependence]; src/data/papers.ts#paperDocuments[managed-interdependence]","b5ee549e2022df84243758cec6b6d71ff8e01793d831d4c99ca54076855f143b","/library/documents/managed-interdependence/","archive-family; paper-synopsis","Volume II / Geopolitics & Sovereignty; Volume II / Empire, geopolitics, and sovereignty / Post-autocratic Russia and industrial policy [primary]","Public author paper; Author working paper","NONE","none","RESOLVED_OR_NOT_APPLICABLE","KEEP"
"IO-FAMILY-MANIFESTO_AND_DESTINY","Independent Observer: Manifesto and Destiny","src/data/archive-navigation.ts#archivePapers[manifesto-and-destiny]","NOT_RECORDED_IN_PUBLIC_CONTROLLER","NONE","archive-family","Volume I / Book and master compilations / Manifesto and Destiny [book]","Book compilation · editorial development","NONE","none","RESOLVED_OR_NOT_APPLICABLE","EXCLUDE"
"IO-FAMILY-MASK_PROGRESSIVE_TERRY","The Mask of the Progressive and Terry","src/data/archive-navigation.ts#archivePapers[mask-progressive-terry]","NOT_RECORDED_IN_PUBLIC_CONTROLLER","NONE","archive-family","Volume II / Civil rights, carceral state, and legal power / Mask of the Progressive and Terry [primary]","Archive catalogue entry · editorial review","NONE","none","RESOLVED_OR_NOT_APPLICABLE","EXCLUDE"
"IO-FAMILY-MINDHIVE_HORIZONS","MindHive Horizons","src/data/archive-navigation.ts#archivePapers[mindhive-horizons]","NOT_RECORDED_IN_PUBLIC_CONTROLLER","NONE","archive-family","Volume IV / Technology, cognition, and governance / Technology and cognition paper shelf [primary]","Archive catalogue entry · editorial review","NONE","none","RESOLVED_OR_NOT_APPLICABLE","EXCLUDE"
"IO-FAMILY-MITCHELL_TO_BARR","From Mitchell to Barr: The Attorney General’s Legal Boundaries in Times of Crisis","src/data/archive-navigation.ts#archivePapers[mitchell-to-barr]","NOT_RECORDED_IN_PUBLIC_CONTROLLER","NONE","archive-family","Volume II / Civil rights, carceral state, and legal power / Attorney General and presidential pressure [primary]; Volume III / E. Governance, legitimacy, and accountability / Connected archive records [cross-volume]","Archive catalogue entry · editorial review","NONE","intentional-cross-volume-or-book-relationship","RESOLVED_OR_NOT_APPLICABLE","EXCLUDE"
"IO-FAMILY-MORAL_EXCEPTIONALISM","Moral Exceptionalism, War, and National Memory","src/data/archive-navigation.ts#archivePapers[moral-exceptionalism]","NOT_RECORDED_IN_PUBLIC_CONTROLLER","NONE","archive-family","Volume II / Empire, geopolitics, and sovereignty / Moral exceptionalism, war, and national memory [primary]","Archive catalogue entry · editorial review","NONE","none","RESOLVED_OR_NOT_APPLICABLE","EXCLUDE"
"IO-FAMILY-NATIVIST_POLITICS","You Can Have Our Money, But Not Our Vote: Nativist Politics and Globalized Capital","src/data/archive-navigation.ts#archivePapers[nativist-politics]","NOT_RECORDED_IN_PUBLIC_CONTROLLER","NONE","archive-family","Volume III / B. Deindustrialization, welfare, social control, and cultural displacement / Direct paper shelf [primary]","Archive catalogue entry · editorial review","NONE","none","RESOLVED_OR_NOT_APPLICABLE","EXCLUDE"
"IO-FAMILY-NATO_AMERICAN_EMPIRE","NATO and the American Empire","src/data/archive-navigation.ts#archivePapers[nato-american-empire]","NOT_RECORDED_IN_PUBLIC_CONTROLLER","NONE","archive-family","Volume II / Empire, geopolitics, and sovereignty / Europe, NATO, and borrowed sovereignty [primary]","Archive catalogue entry · editorial review","NONE","none","RESOLVED_OR_NOT_APPLICABLE","EXCLUDE"
"IO-FAMILY-ORIGINAL_MASTER_IP","Original master and IP declaration","src/data/archive-navigation.ts#archivePapers[original-master-ip]","NOT_RECORDED_IN_PUBLIC_CONTROLLER","NONE","archive-family","Volume I / Book and master compilations / Original master and IP declaration [book]","Archive master record · not a public reading copy","NONE","none","RESOLVED_OR_NOT_APPLICABLE","EXCLUDE"
"IO-FAMILY-PARTY_SWITCH_POLARIZATION","Party Switch and Polarization","src/data/archive-navigation.ts#archivePapers[party-switch-polarization]","NOT_RECORDED_IN_PUBLIC_CONTROLLER","NONE","archive-family","Volume II / Democracy, institutions, and party power / Party switch and polarization [primary]","Archive catalogue entry · editorial review","NONE","none","RESOLVED_OR_NOT_APPLICABLE","EXCLUDE"
"IO-FAMILY-PERCEPTION_PROXY","The Perception Proxy","src/data/archive-navigation.ts#archivePapers[perception-proxy]","NOT_RECORDED_IN_PUBLIC_CONTROLLER","NONE","archive-family","Volume III / B. Deindustrialization, welfare, social control, and cultural displacement / Direct paper shelf [primary]","Archive catalogue entry · editorial review","NONE","none","RESOLVED_OR_NOT_APPLICABLE","EXCLUDE"
"IO-FAMILY-PLACEBO_DISCRIMINATION","The Placebo of Discrimination","src/data/archive-navigation.ts#archivePapers[placebo-discrimination]","NOT_RECORDED_IN_PUBLIC_CONTROLLER","NONE","archive-family","Volume III / B. Deindustrialization, welfare, social control, and cultural displacement / Direct paper shelf [primary]","Archive catalogue entry · editorial review","NONE","none","RESOLVED_OR_NOT_APPLICABLE","EXCLUDE"
"IO-FAMILY-PLATO_TO_CHOMSKY","From Plato to Chomsky: Democracy and Civic Capacity","src/data/archive-navigation.ts#archivePapers[plato-to-chomsky]","NOT_RECORDED_IN_PUBLIC_CONTROLLER","NONE","archive-family","Volume I / Foundational manifesto and method / Democracy, civic capacity, and comparative development [primary]","Archive catalogue entry · editorial review","NONE","none","RESOLVED_OR_NOT_APPLICABLE","EXCLUDE"
"IO-FAMILY-POWER_OF_KNOWLEDGE","The Power of Knowledge, Skills, and Abilities","src/data/archive-navigation.ts#archivePapers[power-of-knowledge]","NOT_RECORDED_IN_PUBLIC_CONTROLLER","NONE","archive-family","Volume I / Foundational manifesto and method / Knowledge, skills, and human capability [primary]","Archive catalogue entry · editorial review","NONE","none","RESOLVED_OR_NOT_APPLICABLE","EXCLUDE"
"IO-FAMILY-PRESCRIPTION_PAD_POWER","From Prescription Pad to Power","src/data/archive-navigation.ts#archivePapers[prescription-pad-power]","NOT_RECORDED_IN_PUBLIC_CONTROLLER","NONE","archive-family","Volume III / F. Education, medicine, health, and human capital / Direct paper shelf [primary]","Archive catalogue entry · editorial review","NONE","none","RESOLVED_OR_NOT_APPLICABLE","EXCLUDE"
"IO-FAMILY-PROGRAMMABLE-GENE-SILENCING","Programmable Gene Silencing Governance","src/data/archive-navigation.ts#archivePapers[programmable-gene-silencing]; src/data/clearance-queue.ts#nextClearanceQueue[programmable-gene-silencing-governance]","NOT_RECORDED_IN_PUBLIC_CONTROLLER","NONE","archive-family; clearance-queue","Volume IV; Volume IV / Technology, cognition, and governance / Biotechnology, biosecurity, and dual-use governance [primary]","Archive catalogue entry · editorial review; working_paper","NONE","not-cleared-for-public-release","RESOLVED_OR_NOT_APPLICABLE","HOLD"
"IO-FAMILY-PROTECTED_CRIMINALS","Protected Criminals: The Real Power Behind Pardons and Non-Prosecution","src/data/archive-navigation.ts#archivePapers[protected-criminals]","NOT_RECORDED_IN_PUBLIC_CONTROLLER","NONE","archive-family","Volume II / Civil rights, carceral state, and legal power / Protected criminals, pardons, and non-prosecution [primary]","Archive catalogue entry · editorial review","NONE","none","RESOLVED_OR_NOT_APPLICABLE","EXCLUDE"
"IO-FAMILY-QUANTUM-ADVANTAGE-FOUNDATIONS","Entanglement, No-Signalling, and the Real Path to Quantum Advantage: Foundations, Architectures, and Societal Implications","src/data/archive-navigation.ts#archivePapers[quantum-advantage-foundations]; src/data/papers.ts#paperDocuments[entanglement-foundations]","25063baf328eee8719ef5e34d9d38209c1f4c4d0d655051e5210bcb0c33042c2","/library/documents/entanglement-foundations/","archive-family; paper-synopsis","Volume IV / Quantum Computing & Scientific Capacity; Volume IV / Technology, cognition, and governance / Technology and cognition paper shelf [primary]","Public author paper; Author working paper","NONE","none","RESOLVED_OR_NOT_APPLICABLE","KEEP"
"IO-FAMILY-QUANTUM-ADVANTAGE-PRIMER","Entanglement, No-Signalling, and the Real Path to Quantum Advantage: A Systems-Level Primer | Entanglement, No-Signalling, and the Real Path to Quantum Advantage: A Systems-Level Primer for Practitioners and Policymakers","src/data/archive-navigation.ts#archivePapers[quantum-advantage-primer]; src/data/papers.ts#paperDocuments[entanglement-primer]","8f7a1eb1d1a5d00a6fecf974947ddc04ba75a7b1e2f9742d312d0ca6a2a8aa6d","/library/documents/entanglement-primer/","archive-family; paper-synopsis","Volume IV / Quantum Computing & Scientific Capacity; Volume IV / Technology, cognition, and governance / Technology and cognition paper shelf [primary]","Public author paper; Author working paper","NONE","none","RESOLVED_OR_NOT_APPLICABLE","KEEP"
"IO-FAMILY-QUANTUM-ANTIMATTER","Quantum Computing, Antimatter, and the Next Energy Revolution","src/data/archive-navigation.ts#archivePapers[quantum-antimatter]; src/data/clearance-queue.ts#nextClearanceQueue[quantum-computing-antimatter-energy-revolution]","NOT_RECORDED_IN_PUBLIC_CONTROLLER","NONE","archive-family; clearance-queue","Volume IV; Volume IV / Technology, cognition, and governance / Technology and cognition paper shelf [primary]","Archive catalogue entry · editorial review; working_paper","NONE","not-cleared-for-public-release","RESOLVED_OR_NOT_APPLICABLE","HOLD"
"IO-FAMILY-QUIET_WEALTH","Quiet Wealth as Risk Management","src/data/archive-navigation.ts#archivePapers[quiet-wealth]","NOT_RECORDED_IN_PUBLIC_CONTROLLER","NONE","archive-family","Volume I / Quiet wealth, risk, and asset protection / Quiet wealth [primary]","Archive catalogue entry · editorial review","NONE","none","RESOLVED_OR_NOT_APPLICABLE","EXCLUDE"
"IO-FAMILY-REGROWING-HUMANITY","Regrowing Humanity | Regrowing Humanity: How Robotic Limbs Are Becoming Integrated Extensions of the Human Body","src/data/archive-navigation.ts#archivePapers[regrowing-humanity]; src/data/green-publications.ts#greenPublications[IO-V4-REGROWING-HUMANITY]","7c65698141490d6aa51ff544f3532d946cdb289fd4c6e4c32d58b259b916af96","/research/regrowing-humanity/","archive-family; research-article","Volume IV / Science · Technology; Volume IV / Human capability and development / Regrowing humanity and neuroprosthetics [primary]","Public author paper; Preview-only bounded text adaptation","IO-FAMILY-LAST-HUMAN-WORKFORCE; IO-FAMILY-SERVER-AS-FURNACE","none","RESOLVED_OR_NOT_APPLICABLE","KEEP"
"IO-FAMILY-REPUTATION_DEBT","Reputation Debt","src/data/archive-navigation.ts#archivePapers[reputation-debt]","NOT_RECORDED_IN_PUBLIC_CONTROLLER","NONE","archive-family","Volume I / Documentation, memory, and evidence / Security of memory [primary]; Volume III / E. Governance, legitimacy, and accountability / Connected archive records [cross-volume]","Archive catalogue entry · editorial review","NONE","intentional-cross-volume-or-book-relationship","RESOLVED_OR_NOT_APPLICABLE","EXCLUDE"
"IO-FAMILY-RICHER_REPUBLIC_WEAKER_HEGEMON","The Richer Republic, the Weaker Hegemon","src/data/archive-navigation.ts#archivePapers[richer-republic-weaker-hegemon]","NOT_RECORDED_IN_PUBLIC_CONTROLLER","NONE","archive-family","Volume III / C. Macroeconomy, industrial power, and geopolitical infrastructure / Direct paper shelf [primary]","Archive catalogue entry · editorial review","NONE","none","RESOLVED_OR_NOT_APPLICABLE","EXCLUDE"
"IO-FAMILY-RIVAL-WEST-BUILT","The Rival the West Built","src/data/archive-navigation.ts#archivePapers[rival-west-built]; src/data/clearance-queue.ts#nextClearanceQueue[the-rival-the-west-built]","NOT_RECORDED_IN_PUBLIC_CONTROLLER","NONE","archive-family; clearance-queue","Volume IV / Transition from Volume III / Transition paper [primary]","Archive catalogue entry · editorial review; working_paper","NONE","not-cleared-for-public-release","RESOLVED_OR_NOT_APPLICABLE","HOLD"
"IO-FAMILY-ROTATING_SCAPEGOAT","Migration, Labor, and the Rotating Scapegoat","src/data/archive-navigation.ts#archivePapers[rotating-scapegoat]","NOT_RECORDED_IN_PUBLIC_CONTROLLER","NONE","archive-family","Volume II / Immigration, citizenship, and border / Migration, labor, and the rotating scapegoat [primary]","Archive catalogue entry · editorial review","NONE","none","RESOLVED_OR_NOT_APPLICABLE","EXCLUDE"
"IO-FAMILY-RUSSIA_AFTER_AUTOCRACY","Russia After Autocracy: A Policy Framework for Strategic Reform and Economic Renaissance","src/data/archive-navigation.ts#archivePapers[russia-after-autocracy]","NOT_RECORDED_IN_PUBLIC_CONTROLLER","NONE","archive-family","Volume II / Empire, geopolitics, and sovereignty / Post-autocratic Russia and industrial policy [primary]","Archive catalogue entry · editorial review","NONE","none","RESOLVED_OR_NOT_APPLICABLE","EXCLUDE"
"IO-FAMILY-SANCTIONED_CAPITAL","Sanctioned Capital: The American Opportunity Myth","src/data/archive-navigation.ts#archivePapers[sanctioned-capital]","NOT_RECORDED_IN_PUBLIC_CONTROLLER","NONE","archive-family","Volume II / Civil rights, carceral state, and legal power / Sanctioned capital and the American opportunity myth [primary]","Archive catalogue entry · editorial review","NONE","none","RESOLVED_OR_NOT_APPLICABLE","EXCLUDE"
"IO-FAMILY-SECURITY_OF_MEMORY","Security of Memory: State Funerals and Political Legitimacy","src/data/archive-navigation.ts#archivePapers[security-of-memory]","NOT_RECORDED_IN_PUBLIC_CONTROLLER","NONE","archive-family","Volume I / Documentation, memory, and evidence / Security of memory [primary]","Archive catalogue entry · editorial review","NONE","none","RESOLVED_OR_NOT_APPLICABLE","EXCLUDE"
"IO-FAMILY-SERVER_AS_FURNACE","The Server as a Furnace: Rust Belt AI Thermal Infrastructure","src/data/archive-navigation.ts#archivePapers[server-as-furnace]","NOT_RECORDED_IN_PUBLIC_CONTROLLER","/research/the-server-as-a-furnace/","archive-family","Volume III / C. Macroeconomy, industrial power, and geopolitical infrastructure / Direct paper shelf [primary]","Public author paper","NONE","none","RESOLVED_OR_NOT_APPLICABLE","EXCLUDE"
"IO-FAMILY-SERVER-AS-FURNACE","The Server as a Furnace","src/data/green-publications.ts#greenPublications[IO-V3-SERVER-AS-FURNACE]","e4e8bda82c77dae4695a9b78c6446fbc98fb4e332566f535e106b4899fb3d5fe0","/research/the-server-as-a-furnace/","research-article","Volume III / Artificial intelligence · Infrastructure","Preview-only bounded text adaptation","IO-FAMILY-LAST-HUMAN-WORKFORCE","none","RESOLVED_OR_NOT_APPLICABLE","KEEP"
"IO-FAMILY-SILENT_ARCHIVIST","The Silent Archivist","src/data/archive-navigation.ts#archivePapers[silent-archivist]","NOT_RECORDED_IN_PUBLIC_CONTROLLER","NONE","archive-family","Volume I / Documentation, memory, and evidence / Silent archivist [primary]","Archive catalogue entry · editorial review","NONE","none","RESOLVED_OR_NOT_APPLICABLE","EXCLUDE"
"IO-FAMILY-SMASHING_PROXY","Smashing the Proxy","src/data/archive-navigation.ts#archivePapers[smashing-proxy]","NOT_RECORDED_IN_PUBLIC_CONTROLLER","NONE","archive-family","Volume III / B. Deindustrialization, welfare, social control, and cultural displacement / Direct paper shelf [primary]","Archive catalogue entry · editorial review","NONE","none","RESOLVED_OR_NOT_APPLICABLE","EXCLUDE"
"IO-FAMILY-SOCIAL_CLASS_WELFARE","Social Class and Welfare","src/data/archive-navigation.ts#archivePapers[social-class-welfare]","NOT_RECORDED_IN_PUBLIC_CONTROLLER","NONE","archive-family","Volume III / A. Marriage, ownership, tax, and wealth architecture / Tax, ownership, and social class [primary]","Archive catalogue entry · editorial review","NONE","none","RESOLVED_OR_NOT_APPLICABLE","EXCLUDE"
"IO-FAMILY-STATE_OF_EXCEPTION","State of Exception","src/data/archive-navigation.ts#archivePapers[state-of-exception]","NOT_RECORDED_IN_PUBLIC_CONTROLLER","NONE","archive-family","Volume I / Foundational manifesto and method / Institutional power and public literacy [primary]; Volume III / E. Governance, legitimacy, and accountability / Connected archive records [cross-volume]","Archive catalogue entry · editorial review","NONE","intentional-cross-volume-or-book-relationship","RESOLVED_OR_NOT_APPLICABLE","EXCLUDE"
"IO-FAMILY-STATUS_INCENTIVES","Status Incentives and Boundary Expansion","src/data/archive-navigation.ts#archivePapers[status-incentives]","NOT_RECORDED_IN_PUBLIC_CONTROLLER","NONE","archive-family","Volume III / B. Deindustrialization, welfare, social control, and cultural displacement / Direct paper shelf [primary]","Archive catalogue entry · editorial review","NONE","none","RESOLVED_OR_NOT_APPLICABLE","EXCLUDE"
"IO-FAMILY-STUDY_THE_WALL","Study the Wall","src/data/archive-navigation.ts#archivePapers[study-the-wall]","NOT_RECORDED_IN_PUBLIC_CONTROLLER","NONE","archive-family","Volume I / Foundational manifesto and method / Institutional power and public literacy [primary]","Archive catalogue entry · editorial review","NONE","none","RESOLVED_OR_NOT_APPLICABLE","EXCLUDE"
"IO-FAMILY-TERRITORIAL_COLLAPSE_NETWORKED","From Territorial Collapse to Networked Fade","src/data/archive-navigation.ts#archivePapers[territorial-collapse-networked]","NOT_RECORDED_IN_PUBLIC_CONTROLLER","NONE","archive-family","Volume III / C. Macroeconomy, industrial power, and geopolitical infrastructure / Direct paper shelf [primary]","Archive catalogue entry · editorial review","NONE","none","RESOLVED_OR_NOT_APPLICABLE","EXCLUDE"
"IO-FAMILY-THE_AMERICAN_EMPIRE_WAS_NEVER_A_DEMOCRACY","The American Empire was Never a Democracy","src/data/papers.ts#paperDocuments[the-american-empire-was-never-a-democracy]","8b76b1b09baea31498839f6ff9e269556b569bc46e10038c5351b7458cbdef15","/library/documents/the-american-empire-was-never-a-democracy/","paper-synopsis","Volume II / Democracy, Empire & Representation","Author working paper","NONE","none","RESOLVED_OR_NOT_APPLICABLE","KEEP"
"IO-FAMILY-THERMOSTAT_MUSK","The Thermostat, Elon Musk, and Managed Democracy","src/data/archive-navigation.ts#archivePapers[thermostat-musk]","NOT_RECORDED_IN_PUBLIC_CONTROLLER","NONE","archive-family","Volume II / Democracy, institutions, and party power / Elite agenda setting and donor power [primary]","Archive catalogue entry · editorial review","NONE","none","RESOLVED_OR_NOT_APPLICABLE","EXCLUDE"
"IO-FAMILY-THIRTEENTH_PUNISHMENT_CLAUSE","The Clause, They Never Taught You: How the 13th Amendment Legalized Slavery for Profit","src/data/archive-navigation.ts#archivePapers[thirteenth-punishment-clause]","NOT_RECORDED_IN_PUBLIC_CONTROLLER","NONE","archive-family","Volume II / Civil rights, carceral state, and legal power / Thirteenth Amendment punishment clause [primary]","Archive catalogue entry · editorial review","NONE","none","RESOLVED_OR_NOT_APPLICABLE","EXCLUDE"
"IO-FAMILY-TWO_MASKS_ONE_FACE","Two Masks, One Face: State Capitalism and Private Feudalism as Mirrors of the Same System","src/data/archive-navigation.ts#archivePapers[two-masks-one-face]; src/data/papers.ts#paperDocuments[two-masks-one-face]","85d2103ef680f0bd827708b9c92f079af3c7865d00047d5b54a0d8cd437d797a","/library/documents/two-masks-one-face/","archive-family; paper-synopsis","Volume II / Political Economy & Institutions; Volume II / Empire, geopolitics, and sovereignty / Resource wealth and competing economic systems [primary]","Public author paper; Author working paper","NONE","none","RESOLVED_OR_NOT_APPLICABLE","KEEP"
"IO-FAMILY-US_COUNTER_CHINA","U.S. Counter-China and Latin America Playbook","src/data/archive-navigation.ts#archivePapers[us-counter-china]","NOT_RECORDED_IN_PUBLIC_CONTROLLER","NONE","archive-family","Volume III / C. Macroeconomy, industrial power, and geopolitical infrastructure / Direct paper shelf [primary]","Archive catalogue entry · editorial review","NONE","none","RESOLVED_OR_NOT_APPLICABLE","EXCLUDE"
"IO-FAMILY-WARDHAN_TAX_DOCTRINE","The Wardhan Tax Doctrine | The Wardhan Tax Doctrine: Time-as-Deduction, W-2 Relief, and an Eisenhower-Era Return to Progressivity","src/data/archive-navigation.ts#archivePapers[wardhan-tax-doctrine]; src/data/papers.ts#paperDocuments[wardhan-tax-doctrine]","18ff5b27ed02f05c22261eff2df5987d572ac8cabe94fa7d8ba833b83cae10f1","/library/documents/wardhan-tax-doctrine/","archive-family; paper-synopsis","Volume III / Political Economy & Tax; Volume III / A. Marriage, ownership, tax, and wealth architecture / Tax, ownership, and social class [primary]","Public author paper; Author working paper","NONE","none","RESOLVED_OR_NOT_APPLICABLE","KEEP"
"IO-FAMILY-WELFARE_QUEEN","The Welfare Queen and the Politics of Administrative Stigma","src/data/archive-navigation.ts#archivePapers[welfare-queen]","NOT_RECORDED_IN_PUBLIC_CONTROLLER","NONE","archive-family","Volume II / Democracy, institutions, and party power / Bipartisan betrayal and party continuity [primary]","Archive catalogue entry · editorial review","NONE","none","RESOLVED_OR_NOT_APPLICABLE","EXCLUDE"
"IO-FAMILY-WELFARE_WEALTHFARE_SOCIAL_CONTROL","Welfare, Wealthfare, and Social Control in Advanced Democracies","src/data/archive-navigation.ts#archivePapers[welfare-wealthfare-social-control]","NOT_RECORDED_IN_PUBLIC_CONTROLLER","NONE","archive-family","Volume III / B. Deindustrialization, welfare, social control, and cultural displacement / Direct paper shelf [primary]","Archive catalogue entry · editorial review","NONE","none","RESOLVED_OR_NOT_APPLICABLE","EXCLUDE"
"IO-FAMILY-WHEN_THE_STORM_DECIDES","When the Storm Decides | When the Storm Decides: Crises, Perception, and Electoral Outcomes in the United States","src/data/archive-navigation.ts#archivePapers[when-the-storm-decides]; src/data/papers.ts#paperDocuments[when-the-storm-decides]","6bba0424911fe8523af12b71a6a0b6ef0a94023eb16ec92fd5d702b2d2e26a84","/library/documents/when-the-storm-decides/","archive-family; paper-synopsis","Volume II / Politics & Legitimacy; Volume II / Democracy, institutions, and party power / Crises, elections, and public outrage [primary]","Public author paper; Author working paper","NONE","none","RESOLVED_OR_NOT_APPLICABLE","KEEP"
"IO-FAMILY-WHEN-REAL-SCIENCE-BECOMES-SCIENCE-FICTION","When Real Science Becomes Science Fiction","src/data/archive-navigation.ts#archivePapers[when-real-science-fiction]; src/data/clearance-queue.ts#nextClearanceQueue[when-real-science-becomes-science-fiction]","NOT_RECORDED_IN_PUBLIC_CONTROLLER","NONE","archive-family; clearance-queue","Volume IV; Volume IV / Technology, cognition, and governance / Technology and cognition paper shelf [primary]","Archive catalogue entry · editorial review; working_paper","NONE","not-cleared-for-public-release","RESOLVED_OR_NOT_APPLICABLE","HOLD"
"IO-FAMILY-WHO_DEPORTED_MORE","Who Deported More? Measuring Removals, Returns, and Enforcement Priorities Across Presidential Administrations 2000–2025","src/data/archive-navigation.ts#archivePapers[who-deported-more]; src/data/papers.ts#paperDocuments[who-deported-more]","a27b80308a585940ea9e8a98559f75c08beed334263befa254de545f4b7028ef","/library/documents/who-deported-more/","archive-family; paper-synopsis","Volume II / Demography & Migration; Volume II / Immigration, citizenship, and border / Who deported more? [primary]; Volume III / D. Immigration, law enforcement, measurement, and labor dependence / Who deported more? enforcement measurement [cross-volume]","Public author paper; Author working paper","NONE","intentional-cross-volume-or-book-relationship","RESOLVED_OR_NOT_APPLICABLE","KEEP"
